run_id,start_at,end_at,end_state,wall_clock_hours,task_count,unique_task_ids,retry_count,stitch_count,measure_count,total_cost_usd,total_tokens_input,total_tokens_output,total_tokens_cache_creation,total_tokens_cache_read,total_loc_prod_delta,total_loc_test_delta,total_duration_s,zero_loc_count,zero_loc_cost_usd,unique_targets
2026-02-24-21-51-42,2026-02-25T02:49:35+00:00,2026-02-25T02:53:53+00:00,merged,0.07,0,0,0,0,0,0.0,0,0,0,0,0,0,0,0,0.0,0
2026-02-24-21-54-16,2026-02-25T02:53:53+00:00,2026-02-25T02:57:41+00:00,merged,0.06,0,0,0,0,0,0.0,0,0,0,0,0,0,0,0,0.0,0
2026-02-24-22-31-14,2026-02-25T03:23:04+00:00,2026-02-25T03:34:06+00:00,merged,0.18,0,0,0,0,0,0.0,0,0,0,0,0,0,0,0,0.0,0
2026-02-24-22-35-08,2026-02-25T03:34:06+00:00,2026-02-25T03:40:20+00:00,merged,0.1,0,0,0,0,0,0.0,0,0,0,0,0,0,0,0,0.0,0
2026-02-24-23-22-23,2026-02-25T04:21:41+00:00,2026-02-25T04:25:18+00:00,merged,0.06,0,0,0,0,0,0.0,0,0,0,0,0,0,0,0,0.0,0
2026-02-24-23-25-22,2026-02-25T04:25:18+00:00,2026-02-25T04:28:30+00:00,merged,0.05,0,0,0,0,0,0.0,0,0,0,0,0,0,0,0,0.0,0
2026-02-25-07-08-59,2026-02-25T04:31:32+00:00,2026-02-25T12:46:48+00:00,merged,8.25,0,0,0,0,0,0.0,0,0,0,0,0,0,0,0,0.0,0
2026-02-25-07-46-59,2026-02-25T12:46:48+00:00,2026-02-25T13:43:18+00:00,merged,0.94,0,0,0,0,0,0.0,0,0,0,0,0,0,0,0,0.0,0
2026-02-25-08-44-27,2026-02-25T13:44:10+00:00,2026-02-25T14:01:34+00:00,merged,0.29,0,0,0,0,0,0.0,0,0,0,0,0,0,0,0,0.0,0
2026-02-26-21-54-45,2026-02-27T02:54:18+00:00,2026-02-27T03:51:26+00:00,merged,0.95,0,0,0,0,0,0.0,0,0,0,0,0,0,0,0,0.0,0
2026-02-27-15-12-51,2026-02-27T20:12:48+00:00,2026-02-27T21:35:17+00:00,abandoned,1.37,0,0,0,0,0,0.0,0,0,0,0,0,0,0,0,0.0,0
2026-02-27-21-48-32,2026-02-28T02:48:27+00:00,2026-02-28T02:48:27+00:00,abandoned,0.0,0,0,0,0,0,0.0,0,0,0,0,0,0,0,0,0.0,0
2026-02-28-11-34-52,2026-02-28T16:34:42+00:00,2026-02-28T16:34:42+00:00,abandoned,0.0,0,0,0,0,0,0.0,0,0,0,0,0,0,0,0,0.0,0
2026-02-28-11-56-07,2026-02-28T16:55:36+00:00,2026-02-28T18:24:16+00:00,abandoned,1.48,0,0,0,0,0,0.0,0,0,0,0,0,0,0,0,0.0,0
2026-02-28-13-42-29,2026-02-28T18:42:25+00:00,2026-02-28T18:51:39+00:00,merged,0.15,0,0,0,0,0,0.0,0,0,0,0,0,0,0,0,0.0,0
2026-02-28-13-52-17,2026-02-28T18:52:06+00:00,2026-02-28T19:03:19+00:00,merged,0.19,0,0,0,0,0,0.0,0,0,0,0,0,0,0,0,0.0,0
2026-03-01-22-12-28,2026-03-02T03:06:07+00:00,2026-03-02T11:32:52+00:00,merged,8.45,1,1,0,1,0,0.9164,477642,15084,45433,432199,0,0,232,1,0.9164,1
2026-03-02-08-43-36,2026-03-02T12:30:59+00:00,2026-03-02T15:17:11+00:00,merged,2.77,9,9,0,9,0,7.3444,4902434,104069,394182,4506780,-5478,-2792,2072,1,1.3779,4
2026-03-02-10-55-24,2026-03-02T15:19:33+00:00,2026-03-02T20:01:31+00:00,merged,4.7,26,25,1,26,0,26.4042,20273440,335982,1338488,18930193,-25875,-25483,6107,2,2.46,8
2026-03-02-13-22-04,2026-03-02T18:21:52+00:00,2026-03-02T20:06:10+00:00,merged,1.74,16,15,1,16,0,16.0815,12266366,206960,811665,11451507,-18467,-18649,3736,1,1.2768,6
2026-03-02-17-51-58,2026-03-02T22:50:15+00:00,2026-03-02T22:50:15+00:00,abandoned,0.0,0,0,0,0,0,0.0,0,0,0,0,0,0,0,0,0.0,0
2026-03-02-17-54-58,2026-03-02T22:54:38+00:00,2026-03-03T03:59:15+00:00,merged,5.08,13,13,0,13,0,21.328400000000002,14712791,357273,866817,13843769,-17862,-10349,5902,1,2.7854,8
gh-168-generation-run-12,2026-03-03T15:30:39+00:00,2026-03-03T19:13:21+00:00,merged,3.71,24,22,2,24,0,23.838299999999997,17173914,303158,1295142,15874744,-35170,-39561,5322,1,0.6795,10
gh-206-generation-run-13,2026-03-03T20:07:25+00:00,2026-03-03T20:07:25+00:00,abandoned,0.0,0,0,0,0,0,0.0,0,0,0,0,0,0,0,0,0.0,0
gh-206-generation-run-14,2026-03-03T23:20:32+00:00,2026-03-04T12:03:34+00:00,merged,12.72,34,34,0,34,0,33.0351,27226972,352290,1814071,25407607,-50713,-61937,6632,1,1.2755,12
gh-262-codegen,2026-03-04T22:47:09+00:00,2026-03-06T05:13:59+00:00,merged,30.45,11,11,0,11,0,30.902199999999997,27466721,395534,1237392,26228678,-10648,-9317,6905,1,2.881,8
gh-262-generate-code-from-specs,2026-03-04T22:47:09+00:00,2026-03-04T22:47:09+00:00,abandoned,0.0,0,0,0,0,0,0.0,0,0,0,0,0,0,0,0,0.0,0
gh-313-generate-code,2026-03-06T15:38:20+00:00,2026-03-06T16:01:29+00:00,merged,0.39,3,3,0,3,0,3.3804999999999996,2979519,34032,180788,2798662,-563,-403,585,1,1.151,3
gh-336-generate-code,2026-03-06T16:47:32+00:00,2026-03-06T17:05:04+00:00,merged,0.29,2,2,0,2,0,2.3495,2219216,23634,112750,2106317,267,267,449,0,0.0,1
gh-336-generate-code-r02.2,2026-03-06T17:05:40+00:00,2026-03-06T17:23:39+00:00,merged,0.3,2,2,0,2,0,4.4102,4460569,48941,166267,4294227,648,353,803,0,0.0,2
gh-336-generate-code-r05.0,2026-03-06T17:24:20+00:00,2026-03-06T17:55:34+00:00,merged,0.52,4,4,0,4,0,8.2597,9116296,77333,307409,8808742,1154,706,1491,0,0.0,4
gh-336-generate-code-r05.1,2026-03-06T17:55:58+00:00,2026-03-06T18:10:24+00:00,merged,0.24,2,2,0,2,0,3.2968,3533209,28826,140731,3392406,625,287,510,0,0.0,2
gh-336-generate-code-r05.2,2026-03-06T18:10:52+00:00,2026-03-06T18:26:27+00:00,merged,0.26,2,2,0,2,0,2.7670000000000003,3000838,23500,118042,2882732,779,241,408,0,0.0,2
gh-336-generate-code-r05.3,2026-03-06T18:28:05+00:00,2026-03-06T18:49:35+00:00,merged,0.36,2,2,0,2,0,3.7542999999999997,3294645,49239,152297,3142284,522,181,779,0,0.0,2
gh-336-generate-code-r05.4,2026-03-06T18:49:55+00:00,2026-03-06T19:56:59+00:00,merged,1.12,8,5,3,8,0,9.653,7355019,93201,633905,6720971,960,204,1484,4,2.5231,1
gh-380-generate-code-from-specs,2026-03-07T00:02:28+00:00,2026-03-07T01:00:47+00:00,merged,0.97,10,6,4,10,0,9.223499999999998,190,105144,562134,6161059,587,157,1979,4,2.0746,1
gh-399-generate-code,2026-03-07T04:09:14+00:00,2026-03-07T18:14:21+00:00,merged,14.09,45,42,3,45,0,56.830200000000005,46095997,562099,3366425,42728681,9686,6077,9984,3,1.7214,31
gh-472-run20,2026-03-07T20:46:12+00:00,2026-03-08T00:47:49+00:00,merged,4.03,39,35,4,0,39,53.086000000000006,42132370,479929,3398561,38733006,10484,6687,8682,4,2.0101,31
gh-543-gen-run,2026-03-08T03:44:30+00:00,2026-03-08T04:18:48+00:00,merged,0.57,3,3,0,3,0,2.5072,1721624,31630,148780,1572809,798,738,509,0,0.0,3
gh-552-run23,2026-03-09T01:34:40+00:00,2026-03-09T02:09:40+00:00,finished,0.58,4,4,0,4,0,6.33,5933305,75303,246829,5686388,1129,779,1400,0,0.0,2
gh-552-run24,2026-03-09T02:48:42+00:00,2026-03-09T03:05:08+00:00,finished,0.27,3,3,0,3,0,2.7689,2321359,32121,139989,2181320,795,81,559,0,0.0,3
gh-552-run25,2026-03-09T03:49:50+00:00,2026-03-09T03:56:28+00:00,finished,0.11,0,0,0,0,0,0.0,0,0,0,0,0,0,0,0,0.0,0
gh-552-run26,2026-03-09T11:22:52+00:00,2026-03-09T13:57:44+00:00,merged,2.58,15,14,1,15,0,15.812099999999997,13491808,135212,988667,12502937,1662,1771,2454,2,1.1413,6
gh-634-run27,2026-03-09T19:15:06+00:00,2026-03-09T20:47:35+00:00,merged,1.54,16,15,1,16,0,10.8209,7375029,81776,884938,6489955,957,1359,1504,1,0.613,1
gh-677-run28,2026-03-09T21:51:57+00:00,2026-03-10T19:05:41+00:00,in_progress,21.23,43,37,6,43,0,33.0328,25090918,326248,2144217,22946221,2093,3569,6084,6,2.5433,9
gh-799-run31,2026-03-10T19:05:41+00:00,2026-03-14T04:56:00+00:00,finished,81.84,239,224,15,239,0,236.0396,191534759,2352156,14148356,177362109,17651,26807,42561,18,8.1296,33
gh-1297-run32,2026-03-15T01:57:12+00:00,2026-03-15T02:53:04+00:00,finished,0.93,11,10,1,11,0,7.089500000000001,5513560,61451,486255,5027189,611,1189,1150,1,0.3246,2
gh-1329-run33,2026-03-15T03:16:14+00:00,2026-03-15T05:16:48+00:00,merged,2.01,24,24,0,24,0,19.670499999999997,13240517,166634,1544905,11695396,1677,2288,3016,0,0.0,6
gh-1400-run34,2026-03-15T18:39:41+00:00,2026-03-17T02:37:21+00:00,finished,31.96,206,191,15,206,0,247.22849999999997,223344410,1968722,14948742,208343454,16324,22489,38382,11,6.4339,47
gh-2607-run35,2026-03-17T05:17:46+00:00,2026-03-17T12:11:58+00:00,merged,6.9,5,4,1,5,0,4.1159,2679127,35098,330211,2348873,328,229,702,1,0.4842,1
gh-2626-run36,2026-03-18T02:02:02+00:00,2026-03-18T02:30:18+00:00,in_progress,0.47,12,11,1,12,0,8.414299999999999,5589215,56375,732135,4856985,1016,0,1052,1,0.4532,3
2026-03-17-21-32-26,2026-03-18T02:30:18+00:00,2026-03-18T04:15:02+00:00,in_progress,1.75,0,0,0,0,0,0.0,0,0,0,0,0,0,0,0,0.0,0
gh-2626-run37,2026-03-18T04:15:02+00:00,2026-03-21T14:15:55+00:00,finished,82.01,288,279,9,288,0,349.00020000000006,236049959,3996526,22611496,213367433,25923,26107,69206,10,5.284999999999999,72
gh-2626-run38,2026-03-23T13:17:34+00:00,2026-03-27T18:49:36+00:00,finished,101.53,310,302,8,310,0,382.3723,261514960,4188248,25352449,236120480,45789,27859,71932,9,6.1457999999999995,111
gh-3652-run40,2026-03-28T20:34:10+00:00,2026-03-29T01:00:44+00:00,merged,4.44,4,4,0,4,0,2.8974999999999995,2024004,20688,237939,1786031,271,46,421,0,0.0,2
gh-3652-run40b,2026-03-29T01:01:16+00:00,2026-04-05T13:10:09+00:00,in_progress,180.15,425,416,9,425,0,509.4583,360911133,5447474,33182362,327713614,41341,35592,94400,12,7.440499999999999,113
gh-4209-run41,2026-04-05T13:10:09+00:00,2026-04-06T23:08:55+00:00,in_progress,33.98,0,0,0,0,0,0.0,0,0,0,0,0,0,0,0,0.0,0
gh-4209-run42,2026-04-06T23:08:55+00:00,2026-04-12T02:07:45+00:00,in_progress,122.98,445,433,12,445,0,525.4478,363498648,5529850,35137545,328346424,44350,31043,102775,23,15.210399999999998,113
gh-4994-run43,2026-04-12T02:07:45+00:00,2026-05-13T21:22:49+00:00,in_progress,763.25,0,0,0,0,0,0.0,0,0,0,0,0,0,0,0,0.0,0
run44,2026-05-13T21:22:49+00:00,2026-05-30T17:06:52+00:00,in_progress,403.73,412,412,0,411,0,997.1875999999999,366677021,6172493,88395472,278257144,32975,25278,142885,13,26.065700000000003,113
