stats_path,run_id,task_id,task_id_kind,task_title,status,started_at,duration_s,cost_usd,tokens_input,tokens_output,cache_creation,cache_read,num_turns,rate_limit_wait_s,loc_prod_before,loc_prod_after,loc_prod_delta,loc_test_before,loc_test_after,loc_test_delta,files_changed,insertions,deletions
analysis/raw/recovered/2026-03-02-10-55-24/2026-03-02-11-19-16-stitch-stats.yaml,2026-03-02-10-55-24,100,numeric,pkg/testutils: DiffTest struct and RunDiffTests execution harness,success,2026-03-02T16:19:16Z,113,0.65091725,535542,6517,37931,497599,0,0,461,876,415,0,0,0,2,594,0
analysis/raw/recovered/2026-03-02-10-55-24/2026-03-02-11-23-05-stitch-stats.yaml,2026-03-02-10-55-24,101,numeric,"pkg/testutils: tests for differential testing harness (prd001-testutils R2, R3, R4, R5)",success,2026-03-02T16:23:05Z,524,1.9422445000000006,1079198,34243,94254,984928,0,0,876,876,0,0,444,444,2,668,0
analysis/raw/recovered/2026-03-02-10-55-24/2026-03-02-11-34-09-stitch-stats.yaml,2026-03-02-10-55-24,102,numeric,"prd003-format R1, R2, R3 -- unit tests for pkg/format",success,2026-03-02T16:34:09Z,117,0.7359735,512172,7657,49618,462544,0,0,876,876,0,444,1074,630,4,904,0
analysis/raw/recovered/2026-03-02-10-55-24/2026-03-02-11-38-02-stitch-stats.yaml,2026-03-02-10-55-24,103,numeric,"prd002-sys R1, R2 -- unit tests for pkg/sys terminal and file metadata",success,2026-03-02T16:38:02Z,86,0.5822050000000001,466824,5045,38508,428306,0,0,876,876,0,1074,1265,191,3,517,0
analysis/raw/recovered/2026-03-02-10-55-24/2026-03-02-11-41-24-stitch-stats.yaml,2026-03-02-10-55-24,104,numeric,prd011-magefiles: implement cmd/version,success,2026-03-02T16:41:24Z,92,0.8323219999999999,845073,3193,56596,788464,0,0,876,923,47,1265,1265,0,2,417,0
analysis/raw/recovered/2026-03-02-10-55-24/2026-03-02-11-44-44-stitch-stats.yaml,2026-03-02-10-55-24,105,numeric,"prd011-magefiles R1.1, R1.2, R1.4, R1.5 -- cmd/version unit tests",success,2026-03-02T16:44:44Z,103,0.42747749999999995,167459,6837,29922,137532,0,0,923,923,0,1265,1393,128,2,538,0
analysis/raw/recovered/2026-03-02-10-55-24/2026-03-02-12-58-38-stitch-stats.yaml,2026-03-02-10-55-24,115,numeric,cmd/wc core implementation,success,2026-03-02T17:58:38Z,709,2.1261735500000007,1294613,36556,91313,1201862,0,0,923,1279,356,1393,1393,0,3,811,0
analysis/raw/recovered/2026-03-02-10-55-24/2026-03-02-13-13-15-stitch-stats.yaml,2026-03-02-10-55-24,117,numeric,"Differential tests for cmd/wc (prd005-wc R1-R4, R6)",success,2026-03-02T18:13:15Z,234,1.0302412500000002,1112045,7463,49459,1062567,0,0,1279,1279,0,1393,1806,413,2,954,0
analysis/raw/recovered/2026-03-02-10-55-24/2026-03-02-13-21-07-stitch-stats.yaml,2026-03-02-10-55-24,118,numeric,"Implement cmd/cat main.go -- cat PRD: flag parsing, file concatenation, output transformations, error handling",success,2026-03-02T18:21:07Z,365,1.41742725,1009519,21561,64287,945217,0,0,1279,1578,299,1806,1806,0,3,886,0
analysis/raw/recovered/2026-03-02-10-55-24/2026-03-02-13-31-32-stitch-stats.yaml,2026-03-02-10-55-24,119,numeric,"pkg/format implementation -- size formatting, ANSI color, column alignment (rel00.0-uc002-format)",success,2026-03-02T18:31:32Z,461,1.27680575,545747,27045,56747,488990,0,0,0,287,287,0,0,0,4,424,0
analysis/raw/recovered/2026-03-02-10-55-24/2026-03-02-13-28-55-stitch-stats.yaml,2026-03-02-10-55-24,120,numeric,prd006-cat R1-R5 -- differential tests for cmd/cat,success,2026-03-02T18:28:55Z,135,0.7617732500000001,612000,6641,47783,561213,0,0,1578,1578,0,1806,2212,406,3,1073,0
analysis/raw/recovered/2026-03-02-10-55-24/2026-03-02-13-47-30-stitch-stats.yaml,2026-03-02-10-55-24,121,numeric,"pkg/format -- column alignment, ANSI color, and size formatting (rel00.0-uc002)",success,2026-03-02T18:47:30Z,209,0.87609725,773825,9040,45299,728511,0,0,287,287,0,0,0,0,2,248,0
analysis/raw/recovered/2026-03-02-10-55-24/2026-03-02-13-36-07-stitch-stats.yaml,2026-03-02-10-55-24,122,numeric,"Implement cmd/sponge stdin buffering and file write -- sponge PRD R1, R2, R3, R4",success,2026-03-02T18:36:07Z,329,1.3673064999999998,1000664,20635,60290,940358,0,0,1578,1940,362,2212,2212,0,3,1075,0
analysis/raw/recovered/2026-03-02-10-55-24/2026-03-02-14-00-02-stitch-stats.yaml,2026-03-02-10-55-24,123,numeric,pkg/sys/ terminal detection and stat abstraction -- rel00.0-uc003-sys,success,2026-03-02T19:00:02Z,337,1.3515597499999996,1065534,19922,55157,1010359,0,0,287,468,181,0,0,0,7,535,0
analysis/raw/recovered/2026-03-02-10-55-24/2026-03-02-13-44-17-stitch-stats.yaml,2026-03-02-10-55-24,124,numeric,prd007-sponge R1-R5: differential tests for cmd/sponge,success,2026-03-02T18:44:17Z,373,1.4358955,730417,26117,72472,657935,0,0,1940,1940,0,2212,2553,341,3,1100,0
analysis/raw/recovered/2026-03-02-10-55-24/2026-03-02-14-11-28-stitch-stats.yaml,2026-03-02-10-55-24,125,numeric,"pkg/sys -- IsTerminal, TerminalSize, and file stat abstraction (rel00.0-uc003-sys)",success,2026-03-02T19:11:28Z,85,0.47166874999999997,362203,4098,32541,329653,0,0,468,468,0,0,0,0,2,449,2
analysis/raw/recovered/2026-03-02-10-55-24/2026-03-02-13-55-48-stitch-stats.yaml,2026-03-02-10-55-24,126,numeric,"cmd/du: Implement core directory traversal and disk usage reporting (prd008-du R1, R2, R3, R5)",failed,2026-03-02T18:55:48Z,900,0.0,0,0,0,0,0,0,1940,0,-1940,2553,0,-2553,0,0,0
analysis/raw/recovered/2026-03-02-10-55-24/2026-03-02-14-16-54-stitch-stats.yaml,2026-03-02-10-55-24,126,numeric,"cmd/du: Implement core directory traversal and disk usage reporting (prd008-du R1, R2, R3, R5)",success,2026-03-02T19:16:54Z,423,1.5771039000000004,1653089,21490,25981,1627093,0,0,1940,2168,228,2553,2553,0,3,1089,0
analysis/raw/recovered/2026-03-02-10-55-24/2026-03-02-14-19-10-stitch-stats.yaml,2026-03-02-10-55-24,127,numeric,"pkg/sys terminal and stat abstractions -- prd003-format R2.3, rel00.0-uc003-sys",success,2026-03-02T19:19:10Z,228,0.9295517500000001,708728,11738,48455,660260,0,0,468,484,16,0,0,0,2,557,0
analysis/raw/recovered/2026-03-02-10-55-24/2026-03-02-14-29-43-stitch-stats.yaml,2026-03-02-10-55-24,128,numeric,rel00.0-uc004-testutils: implement DiffTest struct and differential test runner,success,2026-03-02T19:29:43Z,115,0.6789492499999998,555521,5855,44031,511479,0,0,484,821,337,0,0,0,2,973,0
analysis/raw/recovered/2026-03-02-10-55-24/2026-03-02-14-36-53-stitch-stats.yaml,2026-03-02-10-55-24,129,numeric,Implement pkg/testutils DiffTest struct and RunDiffTest -- rel00.0-uc004-testutils,success,2026-03-02T19:36:53Z,49,0.36077225,193588,1743,38161,155422,0,0,821,821,0,0,0,0,1,730,0
analysis/raw/recovered/2026-03-02-10-55-24/2026-03-02-14-43-31-stitch-stats.yaml,2026-03-02-10-55-24,130,numeric,Implement pkg/testutils DiffTest struct and differential test runner,success,2026-03-02T19:43:31Z,177,0.6405209999999999,307119,7011,53834,253159,0,0,821,821,0,0,0,0,1,824,0
analysis/raw/recovered/2026-03-02-10-55-24/2026-03-02-14-50-27-stitch-stats.yaml,2026-03-02-10-55-24,131,numeric,"Implement pkg/testutils DiffTest struct and differential runner (prd004-testutils R1, R2, R3, R4)",success,2026-03-02T19:50:27Z,157,0.85944975,634623,9538,52723,581888,0,0,821,928,107,0,0,0,2,1019,6
analysis/raw/recovered/2026-03-02-10-55-24/2026-03-02-14-25-41-stitch-stats.yaml,2026-03-02-10-55-24,132,numeric,"cmd/du: Core implementation (prd008-du R1, R2, R3, R5)",success,2026-03-02T19:25:41Z,187,0.9620154999999999,883371,8448,53664,829691,0,0,2168,2174,6,2553,2553,0,3,956,0
analysis/raw/recovered/2026-03-02-10-55-24/2026-03-02-14-31-15-stitch-stats.yaml,2026-03-02-10-55-24,134,numeric,"prd009-du R1, R2, R3, R4 -- differential tests for cmd/du",success,2026-03-02T19:31:15Z,138,0.88587275,749846,6927,58557,691277,0,0,2174,2174,0,2553,2954,401,3,1428,0
analysis/raw/recovered/2026-03-02-10-55-24/2026-03-02-14-38-44-stitch-stats.yaml,2026-03-02-10-55-24,137,numeric,"prd009-du R1, R2, R4 -- cmd/du differential tests",success,2026-03-02T19:38:44Z,152,0.8691967500000002,787691,6162,55517,732161,0,0,2174,2174,0,2954,2954,0,2,1093,0
analysis/raw/recovered/gh-168-generation-run-12/2026-03-03-10-48-53-stitch-stats.yaml,gh-168-generation-run-12,183,numeric,pkg/testutils -- DiffTest struct and RunDiffTests harness (rel00.0-uc004-testutils),success,2026-03-03T15:48:53Z,140,0.6794917500000001,469307,8486,40111,429186,0,0,0,159,159,0,0,0,4,262,2
analysis/raw/recovered/gh-168-generation-run-12/2026-03-03-10-55-02-stitch-stats.yaml,gh-168-generation-run-12,184,numeric,pkg/testutils -- unit tests for RunDiffTests harness (prd001 R1-R4),success,2026-03-03T15:55:02Z,675,2.0571905,1020455,44098,76768,943673,0,0,159,197,38,0,304,304,5,496,2
analysis/raw/recovered/gh-168-generation-run-12/2026-03-03-11-11-39-stitch-stats.yaml,gh-168-generation-run-12,185,numeric,"pkg/sys: implement file metadata, signals, and terminal size (rel00.0-uc003-sys)",success,2026-03-03T16:11:39Z,273,1.0346104999999999,743106,15443,47646,695446,0,0,197,417,220,304,304,0,11,471,2
analysis/raw/recovered/gh-168-generation-run-12/2026-03-03-11-21-16-stitch-stats.yaml,gh-168-generation-run-12,186,numeric,Implement pkg/format/ human-readable size formatting and column alignment (rel00.0-uc002-format),success,2026-03-03T16:21:16Z,292,1.05853225,759532,15637,49883,709635,0,0,417,575,158,304,304,0,6,494,2
analysis/raw/recovered/gh-168-generation-run-12/2026-03-03-11-31-40-stitch-stats.yaml,gh-168-generation-run-12,187,numeric,"Test pkg/sys terminal, stat, and signal operations (prd002-sys R1-R3)",success,2026-03-03T16:31:40Z,106,0.6987882500000001,601877,7036,38399,563465,0,0,575,575,0,304,666,362,6,755,2
analysis/raw/recovered/gh-168-generation-run-12/2026-03-03-11-38-04-stitch-stats.yaml,gh-168-generation-run-12,188,numeric,"cmd/wc implementation -- rel01.0-uc001-wc flag parsing, counting, and output formatting",success,2026-03-03T16:38:04Z,687,1.9954677500000004,1202185,39422,69471,1132696,0,0,575,985,410,666,666,0,4,854,2
analysis/raw/recovered/gh-168-generation-run-12/2026-03-03-11-51-37-stitch-stats.yaml,gh-168-generation-run-12,189,numeric,"cmd/wc differential tests (prd005-wc R1, R2, R3, R4)",success,2026-03-03T16:51:37Z,126,0.6935437500000001,666734,4579,42459,624262,0,0,985,985,0,666,932,266,4,791,2
analysis/raw/recovered/gh-168-generation-run-12/2026-03-03-11-58-48-stitch-stats.yaml,gh-168-generation-run-12,190,numeric,Implement cmd/cat: file concatenation and output transformation (cat PRD),success,2026-03-03T16:58:48Z,474,1.5360112500000003,1141220,24638,58643,1082559,0,0,985,1261,276,932,932,0,4,847,2
analysis/raw/recovered/gh-168-generation-run-12/2026-03-03-12-09-34-stitch-stats.yaml,gh-168-generation-run-12,191,numeric,"Implement cmd/cat differential tests (prd006-cat R1, R2, R4, R5)",success,2026-03-03T17:09:34Z,101,0.65988925,540339,5993,41451,498877,0,0,1261,1261,0,932,1344,412,4,1032,2
analysis/raw/recovered/gh-168-generation-run-12/2026-03-03-12-13-50-stitch-stats.yaml,gh-168-generation-run-12,192,numeric,Test prd003-format R1 (columns/padding) and R3 (human-readable sizes),success,2026-03-03T17:13:50Z,243,1.02091525,756227,13819,48307,704159,0,0,1261,1261,0,1344,1766,422,5,1089,2
analysis/raw/recovered/gh-168-generation-run-12/2026-03-03-12-27-25-stitch-stats.yaml,gh-168-generation-run-12,193,numeric,Implement pkg/format ANSI color output per prd003-format R2,success,2026-03-03T17:27:25Z,113,1.0048995,1009108,3871,69904,939191,0,0,1261,1393,132,1766,1766,0,5,852,5
analysis/raw/recovered/gh-168-generation-run-12/2026-03-03-12-38-05-stitch-stats.yaml,gh-168-generation-run-12,194,numeric,Implement cmd/sponge main.go per sponge PRD,success,2026-03-03T17:38:05Z,526,1.87213625,1201464,34355,70433,1131014,0,0,1393,1774,381,1766,1766,0,4,1146,2
analysis/raw/recovered/gh-168-generation-run-12/2026-03-03-12-52-51-stitch-stats.yaml,gh-168-generation-run-12,195,numeric,Implement cmd/du main.go -- directory traversal and disk usage reporting (rel01.3-uc001-du),success,2026-03-03T17:52:51Z,725,2.8599950999999995,1977240,44310,121678,1855545,0,0,1774,2153,379,1766,1766,0,4,1258,2
analysis/raw/recovered/gh-168-generation-run-12/2026-03-03-13-08-17-stitch-stats.yaml,gh-168-generation-run-12,196,numeric,Implement differential tests for cmd/sponge (prd007-sponge R1-R5),success,2026-03-03T18:08:17Z,142,0.868615,703175,8952,50642,652521,0,0,2153,2153,0,1766,2059,293,4,1220,2
analysis/raw/recovered/gh-168-generation-run-12/2026-03-03-13-14-19-stitch-stats.yaml,gh-168-generation-run-12,197,numeric,"Implement du differential tests (prd009-du R1, R2, R3, R4)",success,2026-03-03T18:14:19Z,122,0.7298232499999999,538392,7339,48107,490275,0,0,2153,2153,0,2059,2480,421,4,1444,2
analysis/raw/recovered/gh-168-generation-run-12/2026-03-03-13-19-47-stitch-stats.yaml,gh-168-generation-run-12,198,numeric,"Add unit tests for pkg/format color output (prd003-format R2.1, R2.2, R2.3, R2.4, R2.6, R2.7)",success,2026-03-03T18:19:47Z,47,0.413068,246681,2668,37890,208785,0,0,2153,2153,0,2480,2697,217,4,1285,2
analysis/raw/recovered/gh-168-generation-run-12/2026-03-03-13-25-18-stitch-stats.yaml,gh-168-generation-run-12,199,numeric,Implement cmd/version per prd011-magefiles,success,2026-03-03T18:25:18Z,93,0.6427677500000001,619990,4346,38187,581790,0,0,2153,2223,70,2697,2697,0,4,1182,2
analysis/raw/recovered/gh-168-generation-run-12/2026-03-03-13-34-00-stitch-stats.yaml,gh-168-generation-run-12,200,numeric,Test cmd/version (prd011-magefiles R1),success,2026-03-03T18:34:00Z,47,0.39147424999999997,250022,2426,35563,214453,0,0,2223,2223,0,2697,2852,155,4,1311,2
analysis/raw/recovered/gh-168-generation-run-12/2026-03-03-13-38-01-stitch-stats.yaml,gh-168-generation-run-12,201,numeric,Implement pkg/testutils differential testing harness (prd001-testutils R1-R4),success,2026-03-03T18:38:01Z,61,0.7466547,325751,978,93865,231882,0,0,2223,2223,0,2852,2852,0,3,1203,2
analysis/raw/recovered/gh-168-generation-run-12/2026-03-03-13-42-46-stitch-stats.yaml,gh-168-generation-run-12,202,numeric,prd020-true: Write PRD for true utility (rel02.0-uc001-true),success,2026-03-03T18:42:46Z,82,0.51897525,417401,4719,33077,384314,0,0,2223,2223,0,2852,2852,0,4,1337,2
analysis/raw/recovered/gh-168-generation-run-12/2026-03-03-13-45-41-stitch-stats.yaml,gh-168-generation-run-12,203,numeric,prd021-false: Write PRD for false utility (rel02.0-uc002-false),success,2026-03-03T18:45:41Z,122,1.2768198,1129426,3388,100121,1029294,0,0,2223,2223,0,2852,2852,0,4,1392,2
analysis/raw/recovered/gh-168-generation-run-12/2026-03-03-13-51-15-stitch-stats.yaml,gh-168-generation-run-12,204,numeric,Implement cmd/true (prd020-true),success,2026-03-03T18:51:15Z,56,0.40209975,367222,2510,26305,340907,0,0,2223,2300,77,2852,2852,0,4,1449,2
analysis/raw/recovered/gh-168-generation-run-12/2026-03-03-13-54-12-stitch-stats.yaml,gh-168-generation-run-12,204,numeric,Implement cmd/true (prd020-true),success,2026-03-03T18:54:12Z,41,0.31369400000000003,247778,2016,23378,224393,0,0,2300,2300,0,2852,2852,0,3,1418,2
analysis/raw/recovered/gh-168-generation-run-12/2026-03-03-13-56-56-stitch-stats.yaml,gh-168-generation-run-12,204,numeric,Implement cmd/true (prd020-true),success,2026-03-03T18:56:56Z,36,0.17689124999999997,204979,1721,4035,199895,0,0,2300,2300,0,2852,2852,0,3,1466,2
analysis/raw/recovered/gh-168-generation-run-12/2026-03-03-14-00-09-stitch-stats.yaml,gh-168-generation-run-12,204,numeric,Implement cmd/true (prd020-true),success,2026-03-03T19:00:09Z,37,0.17345499999999997,205146,1722,4148,200992,0,0,2300,2300,0,2852,2852,0,3,1510,2
analysis/raw/recovered/gh-168-generation-run-12/2026-03-03-14-03-01-stitch-stats.yaml,gh-168-generation-run-12,205,numeric,"cmd/true differential tests (prd020-true R1, R2, R3, R5)",success,2026-03-03T19:03:01Z,40,0.3628005000000001,239282,2129,32854,206422,0,0,2300,2300,0,2852,3003,151,4,1705,2
analysis/raw/recovered/gh-206-generation-run-14/2026-03-03-18-28-34-stitch-stats.yaml,gh-206-generation-run-14,225,numeric,pkg/testutils: Implement DiffTest struct and differential runner (rel00.0-uc004),success,2026-03-03T23:28:34Z,474,1.27552625,753856,22718,57145,696698,0,0,0,305,305,0,0,0,5,376,68
analysis/raw/recovered/gh-206-generation-run-14/2026-03-03-18-39-49-stitch-stats.yaml,gh-206-generation-run-14,226,numeric,"Test pkg/testutils RunDiffTests core comparison (prd001 R2.1, R3.2, R3.3, R3.4)",success,2026-03-03T23:39:49Z,426,1.136272,442202,23817,55372,386822,0,0,305,305,0,0,247,247,5,368,68
analysis/raw/recovered/gh-206-generation-run-14/2026-03-03-18-51-50-stitch-stats.yaml,gh-206-generation-run-14,227,numeric,"Implement pkg/format/ core formatting -- sizes, colors, columns (rel00.0-uc002-format)",success,2026-03-03T23:51:50Z,695,2.1147445,1483942,38566,70200,1413721,0,0,305,597,292,247,247,0,7,465,68
analysis/raw/recovered/gh-206-generation-run-14/2026-03-03-19-06-37-stitch-stats.yaml,gh-206-generation-run-14,228,numeric,Implement pkg/sys file metadata abstraction (prd002-sys R3),success,2026-03-04T00:06:37Z,305,1.24855425,994829,17238,55329,939484,0,0,597,704,107,247,247,0,9,335,68
analysis/raw/recovered/gh-206-generation-run-14/2026-03-03-19-17-55-stitch-stats.yaml,gh-206-generation-run-14,229,numeric,prd003-format R2.1-R2.4: FileTypeColor and color detection unit tests,success,2026-03-04T00:17:55Z,134,0.55757675,470577,4530,36025,434541,0,0,704,704,0,247,474,227,5,495,68
analysis/raw/recovered/gh-206-generation-run-14/2026-03-03-19-22-33-stitch-stats.yaml,gh-206-generation-run-14,230,numeric,prd003 R1.1-R1.4: Tests for pkg/format column layout,success,2026-03-04T00:22:33Z,99,0.567436,367257,5703,41518,325731,0,0,704,704,0,474,761,287,5,598,68
analysis/raw/recovered/gh-206-generation-run-14/2026-03-03-19-27-24-stitch-stats.yaml,gh-206-generation-run-14,231,numeric,Tests for pkg/format HumanSize -- prd003 R3.1-R3.4,success,2026-03-04T00:27:24Z,70,0.51672175,278912,4335,45314,233592,0,0,704,704,0,761,1021,260,5,624,68
analysis/raw/recovered/gh-206-generation-run-14/2026-03-03-19-45-44-stitch-stats.yaml,gh-206-generation-run-14,232,numeric,"prd002-sys R2.1-R2.3: tests for Stat, Lstat, and FileMetadata",success,2026-03-04T00:45:44Z,115,0.56797675,221826,7750,45627,176194,0,0,704,704,0,1021,1236,215,5,631,68
analysis/raw/recovered/gh-206-generation-run-14/2026-03-03-19-56-13-stitch-stats.yaml,gh-206-generation-run-14,233,numeric,"rel01.1-uc001-cat: cmd/cat implementation -- input handling, line decoration, character display, exit codes",success,2026-03-04T00:56:13Z,440,1.7870645,1526718,25973,63234,1463462,0,0,704,986,282,1236,1236,0,5,752,68
analysis/raw/recovered/gh-206-generation-run-14/2026-03-03-20-08-24-stitch-stats.yaml,gh-206-generation-run-14,234,numeric,"cmd/sponge implementation -- sponge PRD core requirements (stdin buffering, file write, append mode)",success,2026-03-04T01:08:24Z,627,1.87151365,1264944,32285,64265,1200661,0,0,986,1314,328,1236,1236,0,5,843,68
analysis/raw/recovered/gh-206-generation-run-14/2026-03-03-20-22-37-stitch-stats.yaml,gh-206-generation-run-14,235,numeric,"Implement cat differential tests for prd006-cat R1.1, R1.2, R5.2, R5.3",success,2026-03-04T01:22:37Z,250,0.99256875,663902,13838,54459,609432,0,0,1314,1314,0,1236,1387,151,5,715,68
analysis/raw/recovered/gh-206-generation-run-14/2026-03-03-20-29-48-stitch-stats.yaml,gh-206-generation-run-14,236,numeric,"Implement cmd/sponge differential tests (prd007 R1.1, R2.1, R3.1, R4.1)",success,2026-03-04T01:29:48Z,68,0.48621449999999994,284313,3782,43128,241179,0,0,1314,1314,0,1387,1617,230,5,847,68
analysis/raw/recovered/gh-206-generation-run-14/2026-03-03-20-40-01-stitch-stats.yaml,gh-206-generation-run-14,237,numeric,"Implement cmd/du core directory traversal and disk usage output (prd-du R1.1, R1.2, R2.1, R5.1)",success,2026-03-04T01:40:01Z,430,1.9819117500000003,1934819,23885,71173,1863619,0,0,1314,1475,161,1617,1617,0,5,831,68
analysis/raw/recovered/gh-206-generation-run-14/2026-03-03-21-05-45-stitch-stats.yaml,gh-206-generation-run-14,238,numeric,"cmd/du: differential tests for prd009-du R1.1, R1.2, R1.3, R1.5",success,2026-03-04T02:05:45Z,72,0.4972675,339849,3328,42194,297648,0,0,1475,1475,0,1617,1830,213,5,988,68
analysis/raw/recovered/gh-206-generation-run-14/2026-03-03-21-13-39-stitch-stats.yaml,gh-206-generation-run-14,239,numeric,"cmd/du: differential tests for prd009-du R1.1, R1.2, R1.3, R1.5",success,2026-03-04T02:13:39Z,130,0.771962,636437,5991,50348,583206,0,0,1475,1475,0,1830,1859,29,5,854,70
analysis/raw/recovered/gh-206-generation-run-14/2026-03-03-21-16-43-stitch-stats.yaml,gh-206-generation-run-14,240,numeric,"cmd/wc: implement core line/word/byte counting per prd005-wc R1.1, R1.2, R1.3, R1.5",success,2026-03-04T02:16:43Z,444,1.3091705000000002,714589,24237,59624,654953,0,0,1475,1702,227,1859,1859,0,5,1050,68
analysis/raw/recovered/gh-206-generation-run-14/2026-03-03-21-26-55-stitch-stats.yaml,gh-206-generation-run-14,241,numeric,"cmd/wc differential tests -- prd005-wc R1.1, R1.2, R1.3, R1.4",success,2026-03-04T02:26:55Z,83,0.5936934999999999,418020,4728,45958,372054,0,0,1702,1702,0,1859,2122,263,5,1138,68
analysis/raw/recovered/gh-206-generation-run-14/2026-03-03-21-38-52-stitch-stats.yaml,gh-206-generation-run-14,242,numeric,"cmd/version: implement version reporting command (prd011-magefiles, rel00.0-uc001)",success,2026-03-04T02:38:52Z,98,0.5530259999999999,422465,4597,38748,383588,0,0,1702,1745,43,2122,2122,0,5,968,68
analysis/raw/recovered/gh-206-generation-run-14/2026-03-03-21-49-48-stitch-stats.yaml,gh-206-generation-run-14,243,numeric,"prd008-ls R1.1-R1.4: Directory entry listing, argument handling, sorting, and one-per-line output for cmd/ls",success,2026-03-04T02:49:48Z,159,2.19263425,2854865,7211,100443,2754395,0,0,1745,1922,177,2122,2122,0,5,1154,68
analysis/raw/recovered/gh-206-generation-run-14/2026-03-03-21-54-36-stitch-stats.yaml,gh-206-generation-run-14,244,numeric,"prd008-ls R1.2, R1.3, R1.4, R6.2 -- ls core differential tests",success,2026-03-04T02:54:36Z,75,0.5484950000000001,440688,3827,40166,400513,0,0,1922,1922,0,2122,2330,208,5,1235,68
analysis/raw/recovered/gh-206-generation-run-14/2026-03-03-22-05-45-stitch-stats.yaml,gh-206-generation-run-14,245,numeric,prd008-ls R1.1: Implement multi-column terminal output with pkg/sys terminal width,success,2026-03-04T03:05:45Z,201,1.1512410000000002,1022794,12252,57402,965375,0,0,1922,2042,120,2330,2330,0,6,1210,78
analysis/raw/recovered/gh-206-generation-run-14/2026-03-03-22-27-21-stitch-stats.yaml,gh-206-generation-run-14,246,numeric,"prd002-sys R1.1, R1.2 -- Add TerminalWidth unit tests",success,2026-03-04T03:27:21Z,47,0.32294649999999997,145566,2313,33274,112288,0,0,2042,2042,0,2330,2443,113,5,1245,68
analysis/raw/recovered/gh-206-generation-run-14/2026-03-03-22-37-58-stitch-stats.yaml,gh-206-generation-run-14,247,numeric,prd008-ls: Add --color flag to ls (auto/always/never),success,2026-03-04T03:37:58Z,375,3.206705250000002,4065867,18001,123189,3940758,0,0,2042,2086,44,2443,2443,0,5,1256,97
analysis/raw/recovered/gh-206-generation-run-14/2026-03-03-22-49-24-stitch-stats.yaml,gh-206-generation-run-14,248,numeric,"cmd/cat differential tests for prd006-cat R2.1, R2.3, R3.1, R4.3",success,2026-03-04T03:49:24Z,99,0.7213890000000001,732106,4185,43200,688892,0,0,2086,2086,0,2443,2543,100,5,1331,70
analysis/raw/recovered/gh-206-generation-run-14/2026-03-03-22-59-20-stitch-stats.yaml,gh-206-generation-run-14,249,numeric,"Test prd001-testutils R4.2, R4.3, R4.4 normalization functions",success,2026-03-04T03:59:20Z,45,0.4203305,261573,2257,39856,221711,0,0,2086,2086,0,2543,2677,134,5,1410,68
analysis/raw/recovered/gh-206-generation-run-14/2026-03-03-23-05-41-stitch-stats.yaml,gh-206-generation-run-14,250,numeric,"prd006-cat R3.2, R4.1, R4.2, R4.4: Differential tests for cross-boundary squeeze and non-printing display",success,2026-03-04T04:05:41Z,68,0.58580975,468323,3583,45313,423001,0,0,2086,2086,0,2677,2815,138,5,1466,70
analysis/raw/recovered/gh-206-generation-run-14/2026-03-03-23-17-08-stitch-stats.yaml,gh-206-generation-run-14,253,numeric,"prd006-cat R4.5, R4.6, R4.7, R4.8 -- differential tests for flag aliases -A, -e, -t, and -u",success,2026-03-04T04:17:08Z,104,0.9056660000000001,888800,6002,53938,834847,0,0,2086,2086,0,2815,2915,100,5,1482,70
analysis/raw/recovered/gh-206-generation-run-14/2026-03-03-23-23-10-stitch-stats.yaml,gh-206-generation-run-14,254,numeric,"Write PRDs for true and false utilities (rel02.0-uc001, rel02.0-uc002)",success,2026-03-04T04:23:10Z,56,0.9275024999999999,473112,3383,105452,367655,0,0,2086,2086,0,2915,2915,0,6,1594,68
analysis/raw/recovered/gh-206-generation-run-14/2026-03-03-23-26-56-stitch-stats.yaml,gh-206-generation-run-14,255,numeric,"cmd/true, cmd/false: implement prd012-true and prd013-false exit-code behavior",success,2026-03-04T04:26:56Z,143,0.6825097500000001,573076,7594,34883,538180,0,0,2086,2188,102,2915,2915,0,6,1614,67
analysis/raw/recovered/gh-206-generation-run-14/2026-03-03-23-32-28-stitch-stats.yaml,gh-206-generation-run-14,256,numeric,"Differential tests for cmd/false -- prd013-false R1.1, R1.2, R1.3, R1.5",success,2026-03-04T04:32:28Z,39,0.41274124999999995,275222,1779,39935,235281,0,0,2188,2188,0,2915,3005,90,5,1650,67
analysis/raw/recovered/gh-206-generation-run-14/2026-03-03-23-35-01-stitch-stats.yaml,gh-206-generation-run-14,257,numeric,"Implement cmd/true differential tests for prd012-true R1.1, R1.2, R1.3, R1.5",success,2026-03-04T04:35:01Z,43,0.35865425,241328,1821,33211,208111,0,0,2188,2188,0,3005,3095,90,5,1692,67
analysis/raw/recovered/gh-206-generation-run-14/2026-03-03-23-44-03-stitch-stats.yaml,gh-206-generation-run-14,258,numeric,"cmd/du prd009-du R2.1, R2.2, R2.3, R2.4 -- implement -a, -s, -c, -d display mode flags",success,2026-03-04T04:44:03Z,117,0.8018285,807773,5754,44000,763757,0,0,2188,2238,50,3095,3095,0,5,1724,86
analysis/raw/recovered/gh-206-generation-run-14/2026-03-03-23-50-22-stitch-stats.yaml,gh-206-generation-run-14,259,numeric,"cmd/du: differential tests for prd009-du R2.2, R2.3, R2.4, R2.7",success,2026-03-04T04:50:22Z,56,0.61142775,524861,2772,48375,476476,0,0,2238,2238,0,3095,3176,81,5,1789,68
analysis/raw/recovered/gh-206-generation-run-14/2026-03-03-23-57-16-stitch-stats.yaml,gh-206-generation-run-14,260,numeric,"prd011-magefiles R1.1, R1.2, R1.4: cmd/version unit tests",success,2026-03-04T04:57:16Z,51,0.35607325,231561,2255,31773,199782,0,0,2238,2238,0,3176,3319,143,5,1898,67
analysis/raw/recovered/gh-262-codegen/2026-03-04-19-00-59-stitch-stats.yaml,gh-262-codegen,280,numeric,Implement pkg/format shared formatting library [rel00.0-uc002-format],success,2026-03-05T00:00:59Z,857,2.88098275,2140710,52701,84837,2055847,0,0,0,284,284,0,383,383,9,716,54
analysis/raw/recovered/gh-262-codegen/2026-03-04-19-21-44-stitch-stats.yaml,gh-262-codegen,282,numeric,Implement pkg/testutils DiffTest differential testing harness (rel00.0-uc004),failed,2026-03-05T00:21:44Z,602,0.0,0,0,0,0,0,0,284,0,-284,383,0,-383,0,0,0
analysis/raw/recovered/gh-262-codegen/2026-03-04-19-36-43-stitch-stats.yaml,gh-262-codegen,282,numeric,Implement pkg/testutils DiffTest differential testing harness (rel00.0-uc004),failed,2026-03-05T00:36:43Z,806,0.0,0,0,0,0,0,0,284,0,-284,383,0,-383,0,0,0
analysis/raw/recovered/gh-262-codegen/2026-03-05-07-50-49-stitch-stats.yaml,gh-262-codegen,282,numeric,Implement pkg/testutils DiffTest differential testing harness (rel00.0-uc004),failed,2026-03-05T12:50:49Z,767,0.0,0,0,0,0,0,0,284,0,-284,383,0,-383,0,0,0
analysis/raw/recovered/gh-262-codegen/2026-03-05-08-10-47-stitch-stats.yaml,gh-262-codegen,282,numeric,Implement pkg/testutils DiffTest differential testing harness (rel00.0-uc004),success,2026-03-05T13:10:47Z,683,1.826888,1118741,40569,43516,1075036,0,0,284,419,135,383,510,127,8,490,56
analysis/raw/recovered/gh-262-codegen/2026-03-05-08-33-34-stitch-stats.yaml,gh-262-codegen,287,numeric,Implement pkg/testutils DiffTest differential testing harness (rel00.0-uc004),success,2026-03-05T13:33:34Z,120,0.6362587499999999,368894,6854,48475,320412,0,0,419,419,0,510,510,0,6,326,58
analysis/raw/recovered/gh-262-codegen/2026-03-05-12-18-21-stitch-stats.yaml,gh-262-codegen,289,numeric,Implement pkg/sys syscall abstractions (rel00.0-uc003),success,2026-03-05T17:18:21Z,839,0.26820125,53775,486,39853,13920,0,0,419,419,0,510,510,0,6,376,57
analysis/raw/recovered/gh-262-codegen/2026-03-05-12-37-53-stitch-stats.yaml,gh-262-codegen,290,numeric,Implement magefiles build lifecycle and cmd/version binary (rel00.0-uc001),success,2026-03-05T17:37:53Z,790,4.5058500000000015,5992101,40301,81338,5910689,0,0,419,458,39,510,510,0,8,520,58
analysis/raw/recovered/gh-262-codegen/2026-03-05-12-57-45-stitch-stats.yaml,gh-262-codegen,291,numeric,"pkg/format: implement column alignment, ANSI color, and size formatting (rel00.0-uc002)",success,2026-03-05T17:57:45Z,183,0.66392775,315098,7892,51887,261750,0,0,458,458,0,510,510,0,6,469,60
analysis/raw/recovered/gh-262-codegen/2026-03-05-13-06-39-stitch-stats.yaml,gh-262-codegen,293,numeric,Implement cmd/cat file concatenation and output transformation (prd-cat R1-R4),failed,2026-03-05T18:06:39Z,406,1.1344862500000001,290580,28829,46549,243850,0,0,458,0,-458,510,0,-510,0,0,0
analysis/raw/recovered/gh-262-codegen/2026-03-05-17-30-53-stitch-stats.yaml,gh-262-codegen,293,numeric,Implement cmd/cat file concatenation and output transformation (prd-cat R1-R4),success,2026-03-05T22:30:53Z,662,2.393395000000001,1801240,39404,86758,1714287,0,0,458,725,267,510,510,0,7,787,60
analysis/raw/recovered/gh-262-codegen/2026-03-05-17-45-03-stitch-stats.yaml,gh-262-codegen,295,numeric,Implement pkg/sys syscall abstractions (rel00.0-uc003) [retry],success,2026-03-05T22:45:03Z,369,1.8672670000000002,1767145,22789,71456,1695666,0,0,725,957,232,510,687,177,12,979,60
analysis/raw/recovered/gh-262-codegen/2026-03-05-17-55-14-stitch-stats.yaml,gh-262-codegen,297,numeric,Write differential tests for cmd/cat (rel01.1-uc001-cat),success,2026-03-05T22:55:14Z,425,1.3409389999999997,621754,26002,65696,556048,0,0,957,957,0,687,1037,350,7,964,61
analysis/raw/recovered/gh-262-codegen/2026-03-05-18-08-13-stitch-stats.yaml,gh-262-codegen,299,numeric,Implement cmd/sponge main.go and differential tests (rel01.2-uc001),failed,2026-03-05T23:08:13Z,12,0.3565435,70957,195,54988,15967,0,0,957,0,-957,1037,0,-1037,0,0,0
analysis/raw/recovered/gh-262-codegen/2026-03-05-21-28-51-stitch-stats.yaml,gh-262-codegen,299,numeric,Implement cmd/sponge main.go and differential tests (rel01.2-uc001),failed,2026-03-06T02:28:51Z,12,0.37312175000000003,71054,384,57041,14011,0,0,957,0,-957,1037,0,-1037,0,0,0
analysis/raw/recovered/gh-262-codegen/2026-03-05-22-04-25-stitch-stats.yaml,gh-262-codegen,299,numeric,Implement cmd/sponge main.go and differential tests (rel01.2-uc001),failed,2026-03-06T03:04:25Z,901,0.0,0,0,0,0,0,0,957,0,-957,1037,0,-1037,0,0,0
analysis/raw/recovered/gh-262-codegen/2026-03-05-22-23-42-stitch-stats.yaml,gh-262-codegen,299,numeric,Implement cmd/sponge main.go and differential tests (rel01.2-uc001),success,2026-03-06T03:23:42Z,625,2.7761445000000005,1787517,38344,159992,1627507,0,0,957,1153,196,1037,1420,383,8,1314,62
analysis/raw/recovered/gh-262-codegen/2026-03-05-22-42-43-stitch-stats.yaml,gh-262-codegen,304,numeric,cmd/du implementation -- rel01.3-uc001-du core disk usage traversal and reporting,success,2026-03-06T03:42:43Z,877,3.683890750000001,2435259,51218,192955,2242284,0,0,1153,1465,312,1420,1420,0,7,1150,64
analysis/raw/recovered/gh-262-codegen/2026-03-05-23-07-45-stitch-stats.yaml,gh-262-codegen,306,numeric,"Implement cmd/wc core counting (-l, -w, -c) -- rel03.0-uc001-wc",success,2026-03-06T04:07:45Z,405,3.59452525,5135655,17578,98701,5036904,0,0,1465,1928,463,1420,1420,0,7,1404,67
analysis/raw/recovered/gh-262-codegen/2026-03-05-23-25-02-stitch-stats.yaml,gh-262-codegen,308,numeric,"Implement ls core -- directory reading, filtering, sorting, and output (ls PRD)",success,2026-03-06T04:25:02Z,608,3.262523,2488838,33447,204338,2284479,0,0,1928,2302,374,1420,1420,0,7,1421,69
analysis/raw/recovered/gh-262-codegen/2026-03-05-23-48-02-stitch-stats.yaml,gh-262-codegen,310,numeric,Implement ls extended sorting and time display -- rel04.1-uc001-ls-extended,success,2026-03-06T04:48:02Z,616,2.76984375,2177761,33181,147805,2029931,0,0,2302,2484,182,1420,1420,0,11,1394,128
analysis/raw/recovered/gh-313-generate-code/2026-03-06-10-43-52-stitch-stats.yaml,gh-313-generate-code,331,numeric,"Implement cmd/true and cmd/false -- prd true R1-R2, prd false R1-R2",success,2026-03-06T15:43:52Z,228,1.1509530000000001,901086,13815,61728,839336,0,0,0,247,247,0,140,140,9,695,32
analysis/raw/recovered/gh-313-generate-code/2026-03-06-10-49-06-stitch-stats.yaml,gh-313-generate-code,332,numeric,Implement cmd/yes -- prd yes R1-R2,success,2026-03-06T15:49:06Z,110,0.8699875000000001,877212,5051,53044,824145,0,0,247,316,69,140,263,123,5,554,32
analysis/raw/recovered/gh-313-generate-code/2026-03-06-10-52-12-stitch-stats.yaml,gh-313-generate-code,333,numeric,"Implement cmd/basename and cmd/dirname -- prd basename R1-R2, prd dirname R1-R2",success,2026-03-06T15:52:12Z,253,1.3594604999999997,1201221,15166,66016,1135181,0,0,316,625,309,263,464,201,7,968,32
analysis/raw/recovered/gh-336-generate-code/2026-03-06-11-52-32-stitch-stats.yaml,gh-336-generate-code,340,numeric,cmd/tee implementation: rel02.1-uc001-tee core functionality,success,2026-03-06T16:52:32Z,257,1.34557725,1385121,13360,55381,1329612,0,0,0,267,267,0,0,0,7,363,8
analysis/raw/recovered/gh-336-generate-code/2026-03-06-11-59-18-stitch-stats.yaml,gh-336-generate-code,341,numeric,rel02.1-uc001-tee: differential tests for cmd/tee,success,2026-03-06T16:59:18Z,194,1.0038637499999998,834095,10274,57369,776705,0,0,267,267,0,0,267,267,5,436,8
analysis/raw/recovered/gh-336-generate-code-r02.2/2026-03-06-12-07-54-stitch-stats.yaml,gh-336-generate-code-r02.2,343,numeric,"Implement cmd/head -- prd-head R1-R4: default line output, -n/-c flags, multi-file headers, SIGPIPE",success,2026-03-06T17:07:54Z,594,2.691891,2376255,38097,95856,2280362,0,0,0,376,376,0,178,178,7,639,3
analysis/raw/recovered/gh-336-generate-code-r02.2/2026-03-06-12-18-58-stitch-stats.yaml,gh-336-generate-code-r02.2,344,numeric,"Task: Implement cmd/seq -- prd-seq R1-R4: numeric sequence output, -w/-s/-f flags, SIGPIPE",success,2026-03-06T17:18:58Z,211,1.7182912499999998,2084314,10844,70411,2013865,0,0,376,648,272,178,353,175,5,622,3
analysis/raw/recovered/gh-336-generate-code-r05.0/2026-03-06-12-25-41-stitch-stats.yaml,gh-336-generate-code-r05.0,346,numeric,cmd/echo: implement echo utility (prd-echo R1-R4),success,2026-03-06T17:25:41Z,173,1.072237,1018305,9481,56688,961594,0,0,0,183,183,0,212,212,5,450,4
analysis/raw/recovered/gh-336-generate-code-r05.0/2026-03-06-12-29-46-stitch-stats.yaml,gh-336-generate-code-r05.0,347,numeric,cmd/tac: implement tac utility (prd-tac R1-R4),success,2026-03-06T17:29:46Z,469,1.5984945,966263,26763,77602,888644,0,0,183,383,200,212,339,127,5,466,4
analysis/raw/recovered/gh-336-generate-code-r05.0/2026-03-06-12-38-45-stitch-stats.yaml,gh-336-generate-code-r05.0,348,numeric,cmd/nl: implement nl utility (prd-nl R1-R4),success,2026-03-06T17:38:45Z,354,2.1405860000000003,2664730,14816,76106,2588577,0,0,383,726,343,339,523,184,5,723,4
analysis/raw/recovered/gh-336-generate-code-r05.0/2026-03-06-12-45-39-stitch-stats.yaml,gh-336-generate-code-r05.0,349,numeric,cmd/fold: implement fold utility (prd-fold R1-R4),success,2026-03-06T17:45:39Z,499,3.4484097499999993,4466998,26273,97013,4369927,0,0,726,1154,428,523,706,183,7,864,4
analysis/raw/recovered/gh-336-generate-code-r05.1/2026-03-06-12-57-27-stitch-stats.yaml,gh-336-generate-code-r05.1,351,numeric,Implement cmd/expand (rel05.1-uc001-expand),success,2026-03-06T17:57:27Z,259,1.4856702499999999,1608580,12517,64051,1544493,0,0,0,375,375,0,142,142,7,581,6
analysis/raw/recovered/gh-336-generate-code-r05.1/2026-03-06-13-02-54-stitch-stats.yaml,gh-336-generate-code-r05.1,352,numeric,Task: Implement cmd/unexpand (rel05.1-uc002-unexpand),success,2026-03-06T18:02:54Z,253,1.8111115000000004,1924629,16309,76680,1847913,0,0,375,625,250,142,287,145,5,546,6
analysis/raw/recovered/gh-336-generate-code-r05.2/2026-03-06-13-12-54-stitch-stats.yaml,gh-336-generate-code-r05.2,354,numeric,"Implement cmd/cut -- prd-cut R1-R4: selection modes, delimiters, file handling, exit codes",success,2026-03-06T18:12:54Z,155,0.8223925,497072,10760,53006,444050,0,0,0,469,469,0,0,0,5,550,4
analysis/raw/recovered/gh-336-generate-code-r05.2/2026-03-06-13-16-46-stitch-stats.yaml,gh-336-generate-code-r05.2,355,numeric,"Implement cmd/paste -- prd-paste R1-R4: parallel merge, serial mode, delimiters, file handling",success,2026-03-06T18:16:46Z,255,1.944556,2503766,12740,65036,2438682,0,0,469,779,310,0,241,241,5,691,4
analysis/raw/recovered/gh-336-generate-code-r05.3/2026-03-06-13-29-40-stitch-stats.yaml,gh-336-generate-code-r05.3,357,numeric,Implement cmd/uniq -- core line deduplication (prd-uniq R1-R4),success,2026-03-06T18:29:40Z,252,1.6075039999999998,1575475,17160,67932,1507508,0,0,0,273,273,0,0,0,5,368,4
analysis/raw/recovered/gh-336-generate-code-r05.3/2026-03-06-13-35-23-stitch-stats.yaml,gh-336-generate-code-r05.3,358,numeric,Implement cmd/comm -- sorted file comparison (prd-comm R1-R4),success,2026-03-06T18:35:23Z,530,2.1467892500000003,1719170,32079,84365,1634776,0,0,273,522,249,0,181,181,5,625,4
analysis/raw/recovered/gh-336-generate-code-r05.4/2026-03-06-13-51-27-stitch-stats.yaml,gh-336-generate-code-r05.4,360,numeric,"Implement checksum quartet cmd/md5sum, cmd/sha1sum, cmd/sha256sum, cmd/sha512sum (rel05.4)",success,2026-03-06T18:51:27Z,620,2.46324225,1622980,43840,96633,1526322,0,0,0,817,817,0,192,192,13,1139,4
analysis/raw/recovered/gh-336-generate-code-r05.4/2026-03-06-14-03-21-stitch-stats.yaml,gh-336-generate-code-r05.4,361,numeric,"Implement checksum quartet cmd/md5sum, cmd/sha1sum, cmd/sha256sum, cmd/sha512sum (rel05.4)",success,2026-03-06T19:03:21Z,217,2.03499325,1583896,15133,150365,1433504,0,0,817,837,20,192,204,12,11,289,20
analysis/raw/recovered/gh-336-generate-code-r05.4/2026-03-06-14-08-35-stitch-stats.yaml,gh-336-generate-code-r05.4,362,numeric,"Task 362: Implement checksum quartet cmd/md5sum, cmd/sha1sum, cmd/sha256sum, cmd/sha512sum (rel05.4)",success,2026-03-06T19:08:35Z,33,0.43390599999999996,205593,1089,52844,152742,0,0,837,837,0,204,204,0,3,356,4
analysis/raw/recovered/gh-336-generate-code-r05.4/2026-03-06-14-10-41-stitch-stats.yaml,gh-336-generate-code-r05.4,363,numeric,"Task 362: Implement checksum quartet cmd/md5sum, cmd/sha1sum, cmd/sha256sum, cmd/sha512sum (rel05.4)",success,2026-03-06T19:10:41Z,36,0.43439325,205996,1091,52885,153104,0,0,837,837,0,204,204,0,3,479,4
analysis/raw/recovered/gh-336-generate-code-r05.4/2026-03-06-14-12-56-stitch-stats.yaml,gh-336-generate-code-r05.4,364,numeric,"Task: Differential tests for checksum quartet cmd/md5sum, cmd/sha1sum, cmd/sha256sum, cmd/sha512sum (rel05.4)",success,2026-03-06T19:12:56Z,116,0.74089425,333066,7788,66021,267036,0,0,837,837,0,204,204,0,3,564,4
analysis/raw/recovered/gh-336-generate-code-r05.4/2026-03-06-14-19-59-stitch-stats.yaml,gh-336-generate-code-r05.4,365,numeric,"Implement checksum quartet cmd/ binaries (prd md5sum, sha1sum, sha256sum, sha512sum)",success,2026-03-06T19:19:59Z,238,1.6892600000000002,1655490,14706,85870,1569595,0,0,837,876,39,204,204,0,7,715,18
analysis/raw/recovered/gh-336-generate-code-r05.4/2026-03-06-14-25-53-stitch-stats.yaml,gh-336-generate-code-r05.4,366,numeric,"Task 366: Differential tests for checksum quartet cmd/ binaries (rel05.4 md5sum, sha1sum, sha256sum, sha512sum)",success,2026-03-06T19:25:53Z,62,0.62901325,438140,2360,61025,377104,0,0,876,876,0,204,204,0,3,753,4
analysis/raw/recovered/gh-336-generate-code-r05.4/2026-03-06-14-28-18-stitch-stats.yaml,gh-336-generate-code-r05.4,367,numeric,"Task 367: Differential tests for checksum quartet cmd/ binaries (rel05.4-uc001 md5sum, rel05.4-uc002 sha1sum, rel05.4-uc003 sha256sum, rel05.4-uc004 sha512sum)",success,2026-03-06T19:28:18Z,47,0.5362490000000001,265540,2116,60964,204568,0,0,876,876,0,204,204,0,3,848,4
analysis/raw/recovered/gh-336-generate-code-r05.4/2026-03-06-14-30-34-stitch-stats.yaml,gh-336-generate-code-r05.4,368,numeric,"Implement checksum quartet cmd/ binaries (prd md5sum, sha1sum, sha256sum, sha512sum)",success,2026-03-06T19:30:34Z,109,0.93700275,863845,4283,69205,794623,0,0,876,876,0,204,204,0,3,959,4
analysis/raw/recovered/gh-336-generate-code-r05.4/2026-03-06-14-33-44-stitch-stats.yaml,gh-336-generate-code-r05.4,369,numeric,cmd/md5sum implementation -- prd checksum R1-R4,success,2026-03-06T19:33:44Z,41,0.47342675,311240,1535,48589,262641,0,0,876,876,0,204,204,0,3,1049,4
analysis/raw/recovered/gh-336-generate-code-r05.4/2026-03-06-14-36-09-stitch-stats.yaml,gh-336-generate-code-r05.4,370,numeric,"Implement cmd/md5sum, cmd/sha1sum, cmd/sha256sum, cmd/sha512sum -- checksum quartet production code",success,2026-03-06T19:36:09Z,43,0.48512900000000003,261405,1688,54294,207103,0,0,876,876,0,204,204,0,3,1151,4
analysis/raw/recovered/gh-336-generate-code-r05.4/2026-03-06-14-40-07-stitch-stats.yaml,gh-336-generate-code-r05.4,371,numeric,"Implement cmd/md5sum, cmd/sha1sum, cmd/sha256sum, cmd/sha512sum (rel05.4 checksum quartet)",success,2026-03-06T19:40:07Z,89,0.7918412500000002,617104,5144,61671,555415,0,0,876,876,0,204,204,0,7,1266,12
analysis/raw/recovered/gh-336-generate-code-r05.4/2026-03-06-14-42-55-stitch-stats.yaml,gh-336-generate-code-r05.4,372,numeric,"Differential tests for cmd/md5sum, cmd/sha1sum, cmd/sha256sum, cmd/sha512sum (rel05.4)",success,2026-03-06T19:42:55Z,71,0.66843375,508389,2476,61267,447110,0,0,876,876,0,204,204,0,3,1346,4
analysis/raw/recovered/gh-336-generate-code-r05.4/2026-03-06-14-45-42-stitch-stats.yaml,gh-336-generate-code-r05.4,373,numeric,"Implement cmd/md5sum, cmd/sha1sum, cmd/sha256sum, cmd/sha512sum (rel05.4 checksum quartet)",success,2026-03-06T19:45:42Z,40,0.4310685,207799,815,53350,154442,0,0,876,876,0,204,204,0,3,1455,4
analysis/raw/recovered/gh-336-generate-code-r05.4/2026-03-06-14-48-07-stitch-stats.yaml,gh-336-generate-code-r05.4,374,numeric,"Implement cmd/md5sum, cmd/sha1sum, cmd/sha256sum, cmd/sha512sum (rel05.4 checksum quartet)",success,2026-03-06T19:48:07Z,22,0.40133025,155301,674,53357,101938,0,0,876,876,0,204,204,0,3,1575,4
analysis/raw/recovered/gh-336-generate-code-r05.4/2026-03-06-14-49-54-stitch-stats.yaml,gh-336-generate-code-r05.4,375,numeric,"Implement cmd/md5sum, cmd/sha1sum, cmd/sha256sum, cmd/sha512sum (rel05.4 R1-R4 checksum computation and verification)",success,2026-03-06T19:49:54Z,164,0.9424419999999999,723427,8453,64230,659179,0,0,876,960,84,204,204,0,7,1729,12
analysis/raw/recovered/gh-380-generate-code-from-specs/2026-03-06-19-04-13-stitch-stats.yaml,gh-380-generate-code-from-specs,387,numeric,cmd/ts: implement ts utility (prd-ts core requirements),success,2026-03-07T00:04:13Z,571,2.14296525,33,30695,78779,1766113,36,0,0,595,595,0,168,168,8,867,7
analysis/raw/recovered/gh-380-generate-code-from-specs/2026-03-06-19-15-22-stitch-stats.yaml,gh-380-generate-code-from-specs,388,numeric,cmd/ts implementation -- rel99.2-uc001-ts core timestamp prepending,success,2026-03-07T00:15:22Z,47,0.50635725,10,2232,51911,252127,19,0,595,595,0,168,168,0,4,202,7
analysis/raw/recovered/gh-380-generate-code-from-specs/2026-03-06-19-18-24-stitch-stats.yaml,gh-380-generate-code-from-specs,389,numeric,"cmd/ts implementation (prd004-ts R1-R4): stdin timestamp prefixing with format, elapsed, and incremental modes",success,2026-03-07T00:18:24Z,178,1.0021245,27,9298,54548,857229,31,0,595,611,16,168,168,0,5,329,15
analysis/raw/recovered/gh-380-generate-code-from-specs/2026-03-06-19-22-56-stitch-stats.yaml,gh-380-generate-code-from-specs,390,numeric,cmd/ts: implement ts utility (prd-ts R1-R4),success,2026-03-07T00:22:56Z,443,1.3550887499999997,18,24902,66205,637335,21,0,611,415,-196,168,114,-54,6,582,444
analysis/raw/recovered/gh-380-generate-code-from-specs/2026-03-06-19-31-58-stitch-stats.yaml,gh-380-generate-code-from-specs,391,numeric,"cmd/ts implementation -- prd R1-R4 timestamp prepend, flags, format",success,2026-03-07T00:31:58Z,57,0.48064300000000004,13,2511,45584,265806,17,0,415,415,0,114,114,0,4,487,7
analysis/raw/recovered/gh-380-generate-code-from-specs/2026-03-06-19-35-33-stitch-stats.yaml,gh-380-generate-code-from-specs,392,numeric,cmd/ts implementation -- prd005-ts R1-R4,success,2026-03-07T00:35:33Z,74,0.53210675,15,2478,46417,359951,17,0,415,415,0,114,114,0,4,543,7
analysis/raw/recovered/gh-380-generate-code-from-specs/2026-03-06-19-38-35-stitch-stats.yaml,gh-380-generate-code-from-specs,393,numeric,Implement cmd/ts main.go -- ts timestamp stdin utility,success,2026-03-07T00:38:35Z,116,0.7238774999999998,21,5469,49600,554095,27,0,415,421,6,114,114,0,5,607,12
analysis/raw/recovered/gh-380-generate-code-from-specs/2026-03-06-19-42-31-stitch-stats.yaml,gh-380-generate-code-from-specs,394,numeric,Implement cmd/ts -- moreutils timestamp utility (rel99.2-uc001-ts),success,2026-03-07T00:42:31Z,71,0.55258075,15,3200,47293,353849,19,0,421,421,0,114,114,0,4,650,7
analysis/raw/recovered/gh-380-generate-code-from-specs/2026-03-06-19-45-43-stitch-stats.yaml,gh-380-generate-code-from-specs,395,numeric,cmd/ts implementation -- rel99.2-uc001-ts,success,2026-03-07T00:45:43Z,144,0.83365075,24,6505,51295,700624,25,0,421,429,8,114,114,0,5,752,10
analysis/raw/recovered/gh-380-generate-code-from-specs/2026-03-06-19-50-04-stitch-stats.yaml,gh-380-generate-code-from-specs,396,numeric,rel99.2-uc001-ts: cmd/ts implementation,success,2026-03-07T00:50:04Z,316,1.0911285,15,18325,64916,454407,19,0,429,587,158,114,157,43,6,1007,17
analysis/raw/recovered/gh-380-generate-code-from-specs/2026-03-06-19-56-45-stitch-stats.yaml,gh-380-generate-code-from-specs,397,numeric,cmd/ts implementation -- rel99.2-uc001-ts,success,2026-03-07T00:56:45Z,49,0.53500075,14,2007,52003,319474,15,0,587,587,0,157,157,0,4,889,7
analysis/raw/run-43-cobbler/history/2026-04-19-11-26-39-stitch-stats.yaml,gh-4994-run43,4998,numeric,"[stitch] pkg/testutils: DiffTest, NormalizeFunc, RunDiffTests, BuildBinary contract stubs (srd001-testutils)",success,2026-04-19T15:26:39Z,68,0.627438,473138,2251,58184,414946,10,7,0,85,85,0,0,0,2,86,1
analysis/raw/run-43-cobbler/history/2026-04-19-11-28-05-stitch-stats.yaml,gh-4994-run43,4999,numeric,[stitch] pkg/testutils: RunDiffTests core execution and comparison (srd001-testutils R2.1-R2.4),success,2026-04-19T15:28:05Z,180,0.8931819999999999,451628,10662,69702,381919,10,89,85,236,151,0,0,0,1,153,2
analysis/raw/run-43-cobbler/history/2026-04-19-11-31-21-stitch-stats.yaml,gh-4994-run43,5000,numeric,"[stitch] pkg/testutils: Env, WorkDir, ExpectedFiles, ComposeNormalizers, TimestampNormalizer (srd001-testutils R2.5-R2.6, R3.1-R3.6)",success,2026-04-19T15:31:21Z,125,0.748298,377969,6386,69502,308461,10,48,236,290,54,0,0,0,1,57,3
analysis/raw/run-43-cobbler/history/2026-04-19-11-33-40-stitch-stats.yaml,gh-4994-run43,5001,numeric,[stitch] pkg/testutils: BuildBinary helper (srd001-testutils R4.1-R4.4),success,2026-04-19T15:33:40Z,80,0.7476742499999999,528354,3419,69215,459131,11,22,290,309,19,0,0,0,1,21,2
analysis/raw/run-43-cobbler/history/2026-04-19-11-37-34-stitch-stats.yaml,gh-4994-run43,5003,numeric,[stitch] pkg/testutils: DiffTest validation and error reporting (srd001-testutils R1.2-R1.4),success,2026-04-19T15:37:34Z,101,0.7617425,465380,4921,70608,394765,16,0,309,351,42,0,0,0,1,42,0
analysis/raw/run-43-cobbler/history/2026-04-19-11-39-28-stitch-stats.yaml,gh-4994-run43,5004,numeric,"[stitch] pkg/testutils: comparison and normalization features (srd001-testutils R3.2, R3.4-R3.6)",success,2026-04-19T15:39:28Z,106,0.7648450000000001,472428,4693,71526,400895,13,0,351,354,3,0,0,0,1,5,2
analysis/raw/run-43-cobbler/history/2026-04-19-11-41-29-stitch-stats.yaml,gh-4994-run43,5005,numeric,[stitch] pkg/testutils: test execution helpers (srd001-testutils R5.1-R5.2),success,2026-04-19T15:41:29Z,92,0.59854575,220730,4269,66337,154389,7,0,354,354,0,0,0,0,0,0,0
analysis/raw/run-43-cobbler/history/2026-04-19-11-43-15-stitch-stats.yaml,gh-4994-run43,5006,numeric,"[stitch] pkg/sys: FileInfo, Stat, Lstat, TerminalWidth, IsTerminal, InstallSIGPIPEHandler, OnTerminalResize contract stubs (srd002-sys)",success,2026-04-19T15:43:15Z,44,0.6412625000000001,494620,1855,60442,434170,11,0,354,442,88,0,0,0,3,88,0
analysis/raw/run-43-cobbler/history/2026-04-19-11-47-59-stitch-stats.yaml,gh-4994-run43,5008,numeric,[stitch] pkg/sys: FileInfo struct population and Stat/Lstat core (srd002-sys R1.1-R1.4),failed,2026-04-19T15:47:59Z,134,0.0,0,0,0,0,0,0,442,0,-442,0,0,0,0,0,0
analysis/raw/run-43-cobbler/history/2026-04-19-12-09-08-stitch-stats.yaml,gh-4994-run43,5008,numeric,[stitch] pkg/sys: FileInfo struct population and Stat/Lstat core (srd002-sys R1.1-R1.4),success,2026-04-19T16:09:08Z,186,0.77277375,815842,10928,15931,799900,25,59,442,541,99,0,0,0,5,108,5
analysis/raw/run-43-cobbler/history/2026-04-19-12-13-16-stitch-stats.yaml,gh-4994-run43,5009,numeric,"[stitch] pkg/sys: extended file metadata error handling and TerminalWidth (srd002-sys R1.5-R1.7, R2.1)",success,2026-04-19T16:13:16Z,96,0.7779595000000001,543328,4379,69006,474314,14,15,541,579,38,0,0,0,2,46,8
analysis/raw/run-43-cobbler/history/2026-04-19-12-33-44-stitch-stats.yaml,gh-4994-run43,5010,numeric,[stitch] pkg/sys: IsTerminal and terminal query operations (srd002-sys R2.2-R2.5),failed,2026-04-19T16:33:44Z,214,0.0,0,0,0,0,0,0,579,0,-579,0,0,0,0,0,0
analysis/raw/run-43-cobbler/history/2026-04-19-12-59-47-stitch-stats.yaml,gh-4994-run43,5010,numeric,[stitch] pkg/sys: IsTerminal and terminal query operations (srd002-sys R2.2-R2.5),success,2026-04-19T16:59:47Z,66,0.3572985,533493,2455,5068,528417,11,0,579,587,8,0,0,0,1,17,9
analysis/raw/run-43-cobbler/history/2026-04-19-13-10-29-stitch-stats.yaml,gh-4994-run43,5011,numeric,"[stitch] pkg/sys: OnTerminalResize and signal handling (srd002-sys R2.6, R3.1-R3.3)",success,2026-04-19T17:10:29Z,117,0.8645782499999999,636011,5480,71223,564779,14,37,587,653,66,0,0,0,3,80,14
analysis/raw/run-43-cobbler/history/2026-04-19-13-15-00-stitch-stats.yaml,gh-4994-run43,5013,numeric,[stitch] pkg/sizeparse: core Parse and suffix table (srd087-sizeparse R1.1-R1.4),success,2026-04-19T17:15:00Z,102,0.85127875,755850,5037,60413,695425,19,8,653,776,123,0,0,0,1,123,0
analysis/raw/run-43-cobbler/history/2026-04-19-13-16-58-stitch-stats.yaml,gh-4994-run43,5014,numeric,"[stitch] pkg/sizeparse: ParseWithOptions and error handling (srd087-sizeparse R2.1-R2.2, R3.1-R3.2)",failed,2026-04-19T17:16:58Z,52,0.0,0,0,0,0,0,37,776,0,-776,0,0,0,0,0,0
analysis/raw/run-43-cobbler/history/2026-04-19-13-44-57-stitch-stats.yaml,gh-4994-run43,5014,numeric,"[stitch] pkg/sizeparse: ParseWithOptions and error handling (srd087-sizeparse R2.1-R2.2, R3.1-R3.2)",failed,2026-04-19T17:44:57Z,55,0.0,0,0,0,0,0,0,776,0,-776,0,0,0,0,0,0
analysis/raw/run-43-cobbler/history/2026-04-19-14-52-45-stitch-stats.yaml,gh-4994-run43,5014,numeric,"[stitch] pkg/sizeparse: ParseWithOptions and error handling (srd087-sizeparse R2.1-R2.2, R3.1-R3.2)",failed,2026-04-19T18:52:45Z,120,0.0,0,0,0,0,0,0,776,0,-776,0,0,0,0,0,0
analysis/raw/run-43-cobbler/history/2026-04-19-14-32-44-stitch-stats.yaml,gh-4994-run43,5015,numeric,"[stitch] pkg/encutil: EncoderConfig and Encode (srd088-encutil R1.1-R1.3, R2.1)",failed,2026-04-19T18:32:44Z,95,0.0,0,0,0,0,0,5,776,0,-776,0,0,0,0,0,0
analysis/raw/recovered/2026-03-01-22-12-28/2026-03-01-22-16-49-stitch-stats.yaml,2026-03-01-22-12-28,78,numeric,pkg/testutils: DiffTest struct and differential test runner -- rel00.0-uc004-testutils,success,2026-03-02T03:16:49Z,233,0.91638025,477642,15084,45433,432199,0,0,0,276,276,0,0,0,2,277,1
analysis/raw/recovered/2026-03-01-22-12-28/2026-03-01-22-26-43-stitch-stats.yaml,2026-03-01-22-12-28,79,numeric,Implement magefiles core build targets -- rel00.0-uc001-magefiles,failed,2026-03-02T03:26:43Z,900,0.0,0,0,0,0,0,0,276,0,-276,0,0,0,0,0,0
analysis/raw/recovered/2026-03-01-22-12-28/2026-03-01-22-48-53-stitch-stats.yaml,2026-03-01-22-12-28,80,numeric,"Implement magefiles -- Build, Lint, Stats:Loc, Analyze (rel00.0-uc001-magefiles)",failed,2026-03-02T03:48:53Z,900,0.0,0,0,0,0,0,0,276,0,-276,0,0,0,0,0,0
analysis/raw/recovered/2026-03-01-22-12-28/2026-03-01-23-09-59-stitch-stats.yaml,2026-03-01-22-12-28,80,numeric,"Implement magefiles -- Build, Lint, Stats:Loc, Analyze (rel00.0-uc001-magefiles)",failed,2026-03-02T04:09:59Z,900,0.0,0,0,0,0,0,0,276,0,-276,0,0,0,0,0,0
analysis/raw/recovered/2026-03-02-08-43-36/2026-03-02-08-55-01-stitch-stats.yaml,2026-03-02-08-43-36,86,numeric,pkg/testutils DiffTest struct and runner -- rel00.0-uc004-testutils,success,2026-03-02T13:55:01Z,409,1.377913,794673,25999,57228,737432,0,0,0,285,285,0,0,0,4,376,1
analysis/raw/recovered/2026-03-02-08-43-36/2026-03-02-09-06-26-stitch-stats.yaml,2026-03-02-08-43-36,87,numeric,pkg/format: size formatting and ANSI color output (rel00.0-uc002-format),success,2026-03-02T14:06:26Z,444,1.329844,772723,25327,52624,718710,0,0,285,510,225,0,0,0,4,368,1
analysis/raw/recovered/2026-03-02-08-43-36/2026-03-02-09-16-45-stitch-stats.yaml,2026-03-02-08-43-36,88,numeric,pkg/sys file metadata -- Stat and Lstat platform abstraction,success,2026-03-02T14:16:45Z,162,0.7179085,480869,10535,36878,443980,0,0,510,628,118,0,0,0,5,314,1
analysis/raw/recovered/2026-03-02-08-43-36/2026-03-02-09-26-35-stitch-stats.yaml,2026-03-02-08-43-36,89,numeric,prd003-format R1 -- Column alignment for tabular output,success,2026-03-02T14:26:35Z,149,0.6589075,513972,6835,39824,474137,0,0,628,761,133,0,0,0,3,374,1
analysis/raw/recovered/2026-03-02-08-43-36/2026-03-02-09-32-14-stitch-stats.yaml,2026-03-02-08-43-36,90,numeric,Implement pkg/sys terminal size queries -- prd002-sys R1,success,2026-03-02T14:32:14Z,113,0.35679675,219662,3052,29509,190147,0,0,761,810,49,0,0,0,3,338,1
analysis/raw/recovered/2026-03-02-08-43-36/2026-03-02-09-39-06-stitch-stats.yaml,2026-03-02-08-43-36,91,numeric,prd001-testutils R2-R5: Unit tests for differential testing harness,success,2026-03-02T14:39:06Z,321,0.587692,423545,6647,36090,387445,0,0,810,810,0,0,452,452,4,789,1
analysis/raw/recovered/2026-03-02-08-43-36/2026-03-02-09-57-36-stitch-stats.yaml,2026-03-02-08-43-36,92,numeric,"pkg/format: Unit tests for alignment, color, and size (prd003-format R1, R2, R3)",success,2026-03-02T14:57:36Z,152,0.7943072499999999,584630,9345,45935,538683,0,0,810,810,0,452,1170,718,5,1103,1
analysis/raw/recovered/2026-03-02-08-43-36/2026-03-02-10-02-35-stitch-stats.yaml,2026-03-02-08-43-36,93,numeric,Implement cmd/version binary -- prd011-magefiles,success,2026-03-02T15:02:35Z,88,0.72918125,689110,2621,54961,634138,0,0,810,864,54,1170,1170,0,3,481,1
analysis/raw/recovered/2026-03-02-08-43-36/2026-03-02-10-06-12-stitch-stats.yaml,2026-03-02-08-43-36,94,numeric,"prd002-sys R1, R2 -- Unit tests for pkg/sys terminal and stat",success,2026-03-02T15:06:12Z,237,0.79191925,423250,13708,41133,382108,0,0,864,864,0,1170,1464,294,4,772,1
analysis/raw/recovered/2026-03-02-10-55-24/2026-03-02-11-04-18-stitch-stats.yaml,2026-03-02-10-55-24,98,numeric,"Implement pkg/format -- size formatting, column alignment, ANSI color (rel00.0-uc002-format)",success,2026-03-02T16:04:18Z,205,1.183168,1368224,10065,42292,1325904,0,0,0,318,318,0,0,0,6,372,0
analysis/raw/recovered/2026-03-02-10-55-24/2026-03-02-11-12-46-stitch-stats.yaml,2026-03-02-10-55-24,99,numeric,"Implement pkg/sys/ file metadata and terminal size (prd002-sys R1, R2)",success,2026-03-02T16:12:46Z,192,0.8120135000000002,625924,11446,36930,588980,0,0,318,461,143,0,0,0,5,248,0
analysis/raw/recovered/2026-02-25-07-08-59/2026-02-25-07-11-34-stitch-stats.yaml,2026-02-25-07-08-59,generation-2026-02-25-07-08-59-0ya,slug,Implement pkg/testutils differential testing harness (prd001 R1-R5),failed,2026-02-25T12:11:34Z,302,0.0,0,0,0,0,0,0,0,0,0,0,0,0,0,0,0
analysis/raw/recovered/2026-02-25-07-08-59/2026-02-25-07-17-35-stitch-stats.yaml,2026-02-25-07-08-59,generation-2026-02-25-07-08-59-0ya,slug,Implement pkg/testutils differential testing harness (prd001 R1-R5),failed,2026-02-25T12:17:35Z,600,0.0,0,0,0,0,0,0,0,0,0,0,0,0,0,0,0
analysis/raw/recovered/2026-02-25-07-08-59/2026-02-25-07-28-01-stitch-stats.yaml,2026-02-25-07-08-59,generation-2026-02-25-07-08-59-0ya,slug,Implement pkg/testutils differential testing harness (prd001 R1-R5),success,2026-02-25T12:28:01Z,143,0.9638487499999997,1469397,7331,7533,1461847,0,0,0,318,318,0,0,0,5,378,2
analysis/raw/recovered/2026-02-25-07-08-59/2026-02-25-07-34-30-stitch-stats.yaml,2026-02-25-07-08-59,generation-2026-02-25-07-08-59-rt3,slug,cmd/ts implementation: prd004-ts R1-R8 timestamp stdin lines,success,2026-02-25T12:34:30Z,730,3.0658745000000005,2694523,46522,94858,2599636,0,0,318,864,546,0,0,0,5,722,3
analysis/raw/recovered/2026-02-25-07-46-59/2026-02-25-08-15-12-stitch-stats.yaml,2026-02-25-07-46-59,generation-2026-02-25-07-46-59-7x7,slug,"cmd/cat differential tests (prd006-cat R1-R5, prd001-testutils R1-R3)",success,2026-02-25T13:15:12Z,214,1.6479992499999998,1430132,12569,107325,1322794,0,0,1221,1221,0,215,468,253,3,570,0
analysis/raw/recovered/2026-02-25-07-46-59/2026-02-25-08-31-56-stitch-stats.yaml,2026-02-25-07-46-59,generation-2026-02-25-07-46-59-aa1,slug,Implement cmd/sponge main.go — prd007-sponge R1-R5,success,2026-02-25T13:31:56Z,147,1.6540510000000008,1764719,8193,97796,1666906,0,0,1850,2247,397,710,710,0,3,896,0
analysis/raw/recovered/2026-02-25-07-46-59/2026-02-25-08-28-34-stitch-stats.yaml,2026-02-25-07-46-59,generation-2026-02-25-07-46-59-e0v,slug,"prd005-wc R1-R6, prd001-testutils R1-R3: cmd/wc differential tests",success,2026-02-25T13:28:34Z,90,1.33183425,1129363,4942,111757,1017596,0,0,1850,1850,0,468,710,242,3,679,0
analysis/raw/recovered/2026-02-25-07-46-59/2026-02-25-07-53-04-stitch-stats.yaml,2026-02-25-07-46-59,generation-2026-02-25-07-46-59-g96,slug,"Implement cmd/ts differential tests -- prd004-ts R9, prd001-testutils R1-R3",success,2026-02-25T12:53:04Z,498,2.3353817500000003,1884604,28973,115853,1768735,0,0,864,864,0,0,215,215,2,409,0
analysis/raw/recovered/2026-02-25-07-46-59/2026-02-25-08-39-14-stitch-stats.yaml,2026-02-25-07-46-59,generation-2026-02-25-07-46-59-m0c,slug,"cmd/sponge differential tests -- prd007-sponge R6, prd001-testutils R5",success,2026-02-25T13:39:14Z,226,2.1325992499999997,2015426,14316,132629,1882782,0,0,2247,2247,0,710,1153,443,3,1084,0
analysis/raw/recovered/2026-02-25-07-46-59/2026-02-25-08-05-31-stitch-stats.yaml,2026-02-25-07-46-59,generation-2026-02-25-07-46-59-m1j,slug,Implement cmd/cat concatenation and display (prd006-cat R1-R5),success,2026-02-25T13:05:31Z,508,3.2495682499999994,3728666,28662,114021,3614614,0,0,864,1221,357,215,215,0,3,610,0
analysis/raw/recovered/2026-02-25-07-46-59/2026-02-25-08-20-56-stitch-stats.yaml,2026-02-25-07-46-59,generation-2026-02-25-07-46-59-ybr,slug,"Implement cmd/wc (prd005-wc R1-R6): count lines, words, and bytes",success,2026-02-25T13:20:56Z,334,3.1950440000000007,4389555,16432,99662,4289851,0,0,1221,1850,629,468,468,0,3,1007,0
analysis/raw/recovered/2026-02-25-08-44-27/2026-02-25-08-56-43-stitch-stats.yaml,2026-02-25-08-44-27,generation-2026-02-25-08-44-27-6qn,slug,"Implement pkg/format column alignment, ANSI color, and human-readable size (prd003-format R1, R2, R3)",success,2026-02-25T13:56:43Z,275,2.33280825,2776018,15550,95161,2680828,0,0,2531,2842,311,1416,1744,328,7,777,0
analysis/raw/recovered/2026-02-25-08-44-27/2026-02-25-08-47-10-stitch-stats.yaml,2026-02-25-08-44-27,generation-2026-02-25-08-44-27-tyr,slug,"pkg/sys: implement terminal width, extended file metadata, and signal handling (prd002-sys R1-R4)",success,2026-02-25T13:47:10Z,434,2.731604249999999,2906543,25459,110545,2795972,0,0,2247,2531,284,1153,1416,263,9,624,0
analysis/raw/recovered/2026-02-26-21-54-45/2026-02-26-22-20-19-stitch-stats.yaml,2026-02-26-21-54-45,generation-2026-02-26-21-54-45-g8q,slug,Implement cmd/ts: timestamp stdin lines (prd004-ts R1-R8),failed,2026-02-27T03:20:19Z,900,0.0,0,0,0,0,0,0,0,0,0,178,0,-178,0,0,0
analysis/raw/recovered/2026-02-26-21-54-45/2026-02-26-22-35-23-stitch-stats.yaml,2026-02-26-21-54-45,generation-2026-02-26-21-54-45-g8q,slug,Implement cmd/ts: timestamp stdin lines (prd004-ts R1-R8),failed,2026-02-27T03:35:23Z,900,0.0,0,0,0,0,0,0,0,0,0,178,0,-178,0,0,0
analysis/raw/recovered/2026-02-26-21-54-45/2026-02-26-22-50-26-stitch-stats.yaml,2026-02-26-21-54-45,generation-2026-02-26-21-54-45-g8q,slug,Implement cmd/ts: timestamp stdin lines (prd004-ts R1-R8),failed,2026-02-27T03:50:26Z,900,0.0,0,0,0,0,0,0,0,0,0,178,0,-178,0,0,0
analysis/raw/recovered/2026-02-26-21-54-45/2026-02-26-22-01-25-stitch-stats.yaml,2026-02-26-21-54-45,generation-2026-02-26-21-54-45-tol,slug,Implement cmd/ts differential tests (prd004-ts R9),failed,2026-02-27T03:01:25Z,901,0.0,0,0,0,0,0,0,0,0,0,0,0,0,0,0,0
analysis/raw/recovered/2026-02-26-21-54-45/2026-02-26-22-16-28-stitch-stats.yaml,2026-02-26-21-54-45,generation-2026-02-26-21-54-45-tol,slug,Implement cmd/ts differential tests (prd004-ts R9),success,2026-02-27T03:16:28Z,228,1.2160109999999997,688529,14133,90154,598367,0,0,0,0,0,0,178,178,2,347,0
analysis/raw/recovered/orphan/2026-02-28-07-19-11-stitch-stats.yaml,orphan,generation-2026-02-27-21-48-32-21v,slug,"Implement cmd/ls metadata display and classify flags (-i, -s, -n, -F) -- prd010-ls-extended R3, R4",failed,2026-02-28T12:19:11Z,900,0.0,0,0,0,0,0,0,3564,0,-3564,2236,0,-2236,0,0,0
analysis/raw/recovered/orphan/2026-02-28-07-34-14-stitch-stats.yaml,orphan,generation-2026-02-27-21-48-32-21v,slug,"Implement cmd/ls metadata display and classify flags (-i, -s, -n, -F) -- prd010-ls-extended R3, R4",failed,2026-02-28T12:34:14Z,698,4.477916249999999,5497954,38657,119704,5378199,0,0,0,0,0,0,0,0,0,0,0
analysis/raw/recovered/orphan/2026-02-28-07-45-54-stitch-stats.yaml,orphan,generation-2026-02-27-21-48-32-21v,slug,"Implement cmd/ls metadata display and classify flags (-i, -s, -n, -F) -- prd010-ls-extended R3, R4",failed,2026-02-28T12:45:54Z,900,0.0,0,0,0,0,0,0,0,0,0,0,0,0,0,0,0
analysis/raw/recovered/orphan/2026-02-28-08-29-38-stitch-stats.yaml,orphan,generation-2026-02-27-21-48-32-21v,slug,"Implement cmd/ls metadata display and classify flags (-i, -s, -n, -F) -- prd010-ls-extended R3, R4",failed,2026-02-28T13:29:38Z,900,0.0,0,0,0,0,0,0,0,0,0,0,0,0,0,0,0
analysis/raw/recovered/orphan/2026-02-28-08-44-40-stitch-stats.yaml,orphan,generation-2026-02-27-21-48-32-21v,slug,"Implement cmd/ls metadata display and classify flags (-i, -s, -n, -F) -- prd010-ls-extended R3, R4",failed,2026-02-28T13:44:40Z,897,3.6602106499999993,4121277,45293,56364,4064877,0,0,0,0,0,0,0,0,0,0,0
analysis/raw/recovered/orphan/2026-02-28-08-59-40-stitch-stats.yaml,orphan,generation-2026-02-27-21-48-32-21v,slug,"Implement cmd/ls metadata display and classify flags (-i, -s, -n, -F) -- prd010-ls-extended R3, R4",failed,2026-02-28T13:59:40Z,900,0.0,0,0,0,0,0,0,0,0,0,0,0,0,0,0,0
analysis/raw/recovered/orphan/2026-02-28-09-14-42-stitch-stats.yaml,orphan,generation-2026-02-27-21-48-32-21v,slug,"Implement cmd/ls metadata display and classify flags (-i, -s, -n, -F) -- prd010-ls-extended R3, R4",failed,2026-02-28T14:14:42Z,674,4.005722000000001,4974304,35298,108482,4865775,0,0,0,0,0,0,0,0,0,0,0
analysis/raw/recovered/2026-02-28-11-56-07/2026-02-28-12-35-56-stitch-stats.yaml,2026-02-28-11-56-07,generation-2026-02-28-11-56-07-5w2,slug,"rel00.0-uc003 sys: Unit tests for prd002-sys R1 (terminal), R2 (metadata), R3 (SIGPIPE), R4 (SIGWINCH)",success,2026-02-28T17:35:56Z,105,0.6836352500000001,606137,6307,38527,567597,0,0,892,892,0,726,1054,328,26,2157,0
analysis/raw/recovered/2026-02-28-11-56-07/2026-02-28-12-45-17-stitch-stats.yaml,2026-02-28-11-56-07,generation-2026-02-28-11-56-07-dx0,slug,rel01.0-uc001 ts: Implement cmd/ts timestamp prepend utility,failed,2026-02-28T17:45:17Z,900,0.0,0,0,0,0,0,0,892,0,-892,1054,0,-1054,0,0,0
analysis/raw/recovered/2026-02-28-11-56-07/2026-02-28-13-05-18-stitch-stats.yaml,2026-02-28-11-56-07,generation-2026-02-28-11-56-07-dx0,slug,rel01.0-uc001 ts: Implement cmd/ts timestamp prepend utility,failed,2026-02-28T18:05:18Z,900,0.0,0,0,0,0,0,0,892,0,-892,1054,0,-1054,0,0,0
